geo,year,oil_consumption_barrels
canada,2000,2062.66692
mexico,2000,2045.7898
united_states,2000,19593.51897
total_north_america,2000,23701.97569
argentina,2000,483.65601
brazil,2000,1965.80238
chile,2000,248.0081
colombia,2000,241.23511
ecuador,2000,138.77568
peru,2000,152.82038
trinidad_tobago,2000,30.06923
venezuela,2000,494.41276
central_america,2000,266.41908
other_caribbean,2000,758.73914
other_south_america,2000,132.13072
total_south_central_america,2000,4912.06859
austria,2000,249.38525
belgium,2000,615.86532
bulgaria,2000,89.43912
croatia,2000,79.55145
cyprus,2000,49.08309
czech_republic,2000,165.92376
denmark,2000,210.68481
estonia,2000,22.29869
finland,2000,217.77249
france,2000,1992.49042
germany,2000,2740.79968
greece,2000,396.81266
hungary,2000,143.55555
iceland,2000,16.42607
ireland,2000,169.14717
italy,2000,1930.58992
latvia,2000,26.76593
lithuania,2000,48.6418
luxembourg,2000,48.19451
netherlands,2000,844.71062
north_macedonia,2000,18.88992
norway,2000,197.8714
poland,2000,426.18562
portugal,2000,329.09197
romania,2000,197.03005
slovakia,2000,73.37322
slovenia,2000,49.30322
spain,2000,1415.55295
sweden,2000,359.6544
switzerland,2000,260.25683
turkey,2000,664.14128
ukraine,2000,249.19131
united_kingdom,2000,1707.61286
other_europe,2000,189.45831
total_europe,2000,16195.75165
azerbaijan,2000,120.33525
belarus,2000,156.94557
kazakhstan,2000,159.57768
russian_federation,2000,2540.0129
turkmenistan,2000,105.45715
uzbekistan,2000,137.25503
other_cis,2000,30.77276
total_cis,2000,3250.35633
iran,2000,1347.43258
iraq,2000,494.7029
israel,2000,266.75295
kuwait,2000,238.34646
oman,2000,58.14402
qatar,2000,50.20418
saudi_arabia,2000,1626.8643
united_arab_emirates,2000,375.57148
other_middle_east,2000,578.3115
total_middle_east,2000,5036.33035
algeria,2000,190.39505
egypt,2000,552.63459
morocco,2000,149.70432
south_africa,2000,455.50477
eastern_africa,2000,262.00937
middle_africa,2000,91.50835
western_africa,2000,392.57556
other_northern_africa,2000,317.60354
other_southern_africa,2000,32.85152
total_africa,2000,2444.78708
australia,2000,827.43743
bangladesh,2000,67.97057
china,2000,4655.43748
china_hong_kong_sar,2000,204.13874
india,2000,2279.46774
indonesia,2000,1112.30483
japan,2000,5690.68101
malaysia,2000,495.51261
new_zealand,2000,130.4504
pakistan,2000,372.03869
philippines,2000,344.86339
singapore,2000,695.99951
south_korea,2000,2208.98589
sri_lanka,2000,75.38516
taiwan,2000,869.22376
thailand,2000,753.31854
vietnam,2000,173.50775
other_asia_pacific,2000,203.98048
total_asia_pacific,2000,21160.70399
total_world,2000,76701.97368
algeria,all,8538.63556
argentina,all,14745.70807
australia,all,23903.42252
austria,all,6460.96284
azerbaijan,all,2483.5185
bangladesh,all,3394.49751
belarus,all,4084.7021
belgium,all,15525.43946
brazil,all,57899.4888
bulgaria,all,2420.5605
canada,all,58331.64163
central_america,all,9509.42016
chile,all,8378.43491
china,all,257733.92096000002
china_hong_kong_sar,all,7909.1323
colombia,all,8259.28652
croatia,all,1923.61588
cyprus,all,1274.64897
czech_republic,all,4807.16759
denmark,all,4251.37282
eastern_africa,all,12344.13621
ecuador,all,5354.24331
egypt,all,17198.28331
estonia,all,701.87667
finland,all,4999.51177
france,all,41858.40995
germany,all,59411.25008
greece,all,8650.29198
hungary,all,3809.41236
iceland,all,420.50189
india,all,94395.17659
indonesia,all,35505.41955
iran,all,42833.30601
iraq,all,16136.14716
ireland,all,3990.8989699999997
israel,all,5753.88882
italy,all,37862.82964
japan,all,113470.4126
kazakhstan,all,6246.01653
kuwait,all,10890.06301
latvia,all,852.13488
lithuania,all,1445.66607
luxembourg,all,1393.35978
malaysia,all,18240.92523
mexico,all,51068.48933
middle_africa,all,5132.96523
morocco,all,6115.02507
netherlands,all,22967.7976
new_zealand,all,3804.92369
north_macedonia,all,503.32894999999996
norway,all,5397.57134
oman,all,3693.90909
other_asia_pacific,all,9424.47533
other_caribbean,all,17033.16954
other_cis,all,1719.12438
other_europe,all,7663.4959
other_middle_east,all,16024.34477
other_northern_africa,all,8621.25724
other_south_america,all,4680.36064
other_southern_africa,all,1170.11766
pakistan,all,10648.76636
peru,all,5032.68195
philippines,all,9061.6555
poland,all,13965.83924
portugal,all,6594.70828
qatar,all,5954.6993600000005
romania,all,5130.64677
russian_federation,all,77366.00852
saudi_arabia,all,77039.93597
singapore,all,27579.38238
slovakia,all,1953.46649
slovenia,all,1285.44433
south_africa,all,13036.08843
south_korea,all,62727.9004
spain,all,33059.92699
sri_lanka,all,2553.4894
sweden,all,7619.2528600000005
switzerland,all,5828.14359
taiwan,all,23983.62839
thailand,all,26792.65296
total_africa,all,89077.35512000001
total_asia_pacific,all,741164.94875
total_cis,all,98076.95354
total_europe,all,380008.77612
total_middle_east,all,197173.45554
total_north_america,all,584045.89518
total_south_central_america,all,146076.79788
total_world,all,2235624.1822
trinidad_tobago,all,939.83231
turkey,all,20422.049
turkmenistan,all,3336.86118
ukraine,all,6564.29867
united_arab_emirates,all,18847.16137
united_kingdom,all,38992.89408
united_states,all,474645.76423
uzbekistan,all,2840.72242
venezuela,all,14244.17167
vietnam,all,10035.16705
western_africa,all,16920.84633
canada,2001,2138.49366
mexico,2001,2026.13423
united_states,2001,19534.48736
total_north_america,2001,23699.11526
argentina,2001,461.86307
brazil,2001,1986.42522
chile,2001,242.31398
colombia,2001,240.29521
ecuador,2001,144.07386
peru,2001,145.63627
trinidad_tobago,2001,30.9383
venezuela,2001,554.82541
central_america,2001,284.92618
other_caribbean,2001,795.14036
other_south_america,2001,126.18759
total_south_central_america,2001,5012.62546
austria,2001,265.00299
belgium,2001,625.87238
bulgaria,2001,93.47994
croatia,2001,80.82301
cyprus,2001,49.48329
czech_republic,2001,176.20669
denmark,2001,202.82151
estonia,2001,25.91304
finland,2001,214.28984
france,2001,1998.4544
germany,2001,2779.65408
greece,2001,403.69755
hungary,2001,139.24693
iceland,2001,15.4186
ireland,2001,181.76173
italy,2001,1894.87197
latvia,2001,31.04497
lithuania,2001,53.37208
luxembourg,2001,51.2694
netherlands,2001,886.23074
north_macedonia,2001,15.57795
norway,2001,211.71081
poland,2001,419.35634
portugal,2001,328.40506
romania,2001,210.98942
slovakia,2001,66.71575
slovenia,2001,51.83173
spain,2001,1460.30088
sweden,2001,366.27893
switzerland,2001,278.264
turkey,2001,615.35288
ukraine,2001,278.20542
united_kingdom,2001,1705.40389
other_europe,2001,220.65383
total_europe,2001,16397.96205
azerbaijan,2001,79.25186
belarus,2001,151.99962
kazakhstan,2001,157.70638
russian_federation,2001,2627.68885
turkmenistan,2001,86.1852
uzbekistan,2001,135.55304
other_cis,2001,32.05529
total_cis,2001,3270.44024
iran,2001,1392.94473
iraq,2001,566.89019
israel,2001,248.96078
kuwait,2001,241.36208
oman,2001,66.3534
qatar,2001,59.46364
saudi_arabia,2001,1745.96167
united_arab_emirates,2001,375.72986
other_middle_east,2001,592.83952
total_middle_east,2001,5290.50587
algeria,2001,197.55359
egypt,2001,529.56967
morocco,2001,151.64085
south_africa,2001,466.59632
eastern_africa,2001,290.65257
middle_africa,2001,95.62482
western_africa,2001,413.57131
other_northern_africa,2001,317.55267
other_southern_africa,2001,36.46463
total_africa,2001,2499.22642
australia,2001,830.22637
bangladesh,2001,81.37926
china,2001,4762.09828
china_hong_kong_sar,2001,242.33181
india,2001,2301.88901
indonesia,2001,1155.12225
japan,2001,5528.51265
malaysia,2001,540.7606
new_zealand,2001,132.61822
pakistan,2001,366.32792
philippines,2001,343.63288
singapore,2001,748.64729
south_korea,2001,2216.58149
sri_lanka,2001,73.60631
taiwan,2001,919.02624
thailand,2001,753.3096
vietnam,2001,188.85518
other_asia_pacific,2001,215.34088
total_asia_pacific,2001,21400.26624
total_world,2001,77570.14154
canada,2002,2231.63801
mexico,2002,1931.23473
united_states,2002,19625.00918
total_north_america,2002,23787.88191
argentina,2002,435.37888
brazil,2002,1937.00307
chile,2002,246.26752
colombia,2002,238.1858
ecuador,2002,143.29592
peru,2002,144.82928
trinidad_tobago,2002,33.00108
venezuela,2002,586.70197
central_america,2002,288.4594
other_caribbean,2002,799.39189
other_south_america,2002,125.32782
total_south_central_america,2002,4977.84264
austria,2002,270.98742
belgium,2002,625.32498
bulgaria,2002,93.10635
croatia,2002,84.60729
cyprus,2002,49.08189
czech_republic,2002,171.00219
denmark,2002,196.18816
estonia,2002,28.86668
finland,2002,217.24603
france,2002,1944.70796
germany,2002,2685.36307
greece,2002,406.34135
hungary,2002,131.2678
iceland,2002,16.02268
ireland,2002,177.77749
italy,2002,1928.05833
latvia,2002,30.72879
lithuania,2002,52.28688
luxembourg,2002,52.13566
netherlands,2002,898.16114
north_macedonia,2002,17.69061
norway,2002,210.86941
poland,2002,429.60003
portugal,2002,340.07201
romania,2002,219.80844
slovakia,2002,74.55313
slovenia,2002,50.34742
spain,2002,1488.09818
sweden,2002,370.00518
switzerland,2002,264.2437
turkey,2002,654.3077
ukraine,2002,284.64811
united_kingdom,2002,1699.58444
other_europe,2002,237.02248
total_europe,2002,16400.11298
azerbaijan,2002,72.91348
belarus,2002,161.72044
kazakhstan,2002,156.76373
russian_federation,2002,2543.54754
turkmenistan,2002,101.6149
uzbekistan,2002,134.28395
other_cis,2002,32.38622
total_cis,2002,3203.23025
iran,2002,1409.56183
iraq,2002,536.46157
israel,2002,248.98794
kuwait,2002,276.10714
oman,2002,76.04518
qatar,2002,64.19841
saudi_arabia,2002,1809.55534
united_arab_emirates,2002,407.07025
other_middle_east,2002,608.44506
total_middle_east,2002,5436.43271
algeria,2002,220.02227
egypt,2002,529.31184
morocco,2002,157.45836
south_africa,2002,478.31167
eastern_africa,2002,289.33374
middle_africa,2002,101.60189
western_africa,2002,436.53396
other_northern_africa,2002,314.40733
other_southern_africa,2002,35.28645
total_africa,2002,2562.26751
australia,2002,840.21351
bangladesh,2002,73.73307
china,2002,5144.31701
china_hong_kong_sar,2002,265.65414
india,2002,2382.51114
indonesia,2002,1160.2855
japan,2002,5449.2739
malaysia,2002,590.37851
new_zealand,2002,136.76605
pakistan,2002,357.75107
philippines,2002,329.13973
singapore,2002,714.56266
south_korea,2002,2266.73869
sri_lanka,2002,78.44122
taiwan,2002,923.34043
thailand,2002,816.45098
vietnam,2002,208.43753
other_asia_pacific,2002,216.29663
total_asia_pacific,2002,21954.29177
total_world,2002,78322.05977
canada,2003,2301.75799
mexico,2003,1994.33837
united_states,2003,19848.28151
total_north_america,2003,24144.37786
argentina,2003,443.36775
brazil,2003,1875.26098
chile,2003,243.93935
colombia,2003,237.44878
ecuador,2003,147.51271
peru,2003,137.90611
trinidad_tobago,2003,33.2009
venezuela,2003,492.26577
central_america,2003,301.1575
other_caribbean,2003,796.77493
other_south_america,2003,128.49883
total_south_central_america,2003,4837.33362
austria,2003,287.44321
belgium,2003,656.52433
bulgaria,2003,100.16821
croatia,2003,93.12877
cyprus,2003,52.17682
czech_republic,2003,182.88719
denmark,2003,188.31951
estonia,2003,27.1669
finland,2003,226.15819
france,2003,1946.96652
germany,2003,2632.04728
greece,2003,427.40859
hungary,2003,128.38341
iceland,2003,16.22886
ireland,2003,174.41571
italy,2003,1915.49753
latvia,2003,31.19604
lithuania,2003,49.89099
luxembourg,2003,55.8778
netherlands,2003,901.02015
north_macedonia,2003,17.15318
norway,2003,224.18732
poland,2003,439.93288
portugal,2003,321.65037
romania,2003,194.17433
slovakia,2003,70.35976
slovenia,2003,51.05096
spain,2003,1501.06742
sweden,2003,364.24252
switzerland,2003,257.03501
turkey,2003,642.73567
ukraine,2003,295.95068
united_kingdom,2003,1715.03962
other_europe,2003,259.26962
total_europe,2003,16446.75534
azerbaijan,2003,84.43192
belarus,2003,164.43584
kazakhstan,2003,170.99414
russian_federation,2003,2652.55179
turkmenistan,2003,96.70424
uzbekistan,2003,119.47463
other_cis,2003,36.20888
total_cis,2003,3324.80143
iran,2003,1419.56093
iraq,2003,483.90786
israel,2003,256.10101
kuwait,2003,331.63769
oman,2003,72.87998
qatar,2003,80.01996
saudi_arabia,2003,1909.5403
united_arab_emirates,2003,447.93611
other_middle_east,2003,625.87859
total_middle_east,2003,5627.46241
algeria,2003,228.93781
egypt,2003,544.23247
morocco,2003,158.45358
south_africa,2003,495.32322
eastern_africa,2003,292.99128
middle_africa,2003,111.25733
western_africa,2003,421.1641
other_northern_africa,2003,337.45183
other_southern_africa,2003,36.73122
total_africa,2003,2626.54285
australia,2003,835.70703
bangladesh,2003,75.60311
china,2003,5738.23004
china_hong_kong_sar,2003,267.13279
india,2003,2434.47545
indonesia,2003,1196.86957
japan,2003,5595.12996
malaysia,2003,621.01567
new_zealand,2003,144.74523
pakistan,2003,320.16307
philippines,2003,327.97534
singapore,2003,663.38742
south_korea,2003,2284.22136
sri_lanka,2003,77.51462
taiwan,2003,967.67205
thailand,2003,897.35408
vietnam,2003,223.04896
other_asia_pacific,2003,221.59497
total_asia_pacific,2003,22891.84074
total_world,2003,79899.11425
canada,2004,2400.70514
mexico,2004,2085.93236
united_states,2004,20498.32449
total_north_america,2004,24984.96199
argentina,2004,482.59899
brazil,2004,1937.13146
chile,2004,267.19166
colombia,2004,254.68487
ecuador,2004,154.56461
peru,2004,151.90482
trinidad_tobago,2004,35.4431
venezuela,2004,526.73048
central_america,2004,309.50245
other_caribbean,2004,795.4657
other_south_america,2004,137.36422
total_south_central_america,2004,5052.58236
austria,2004,291.3274
belgium,2004,661.99584
bulgaria,2004,96.66265
croatia,2004,88.03045
cyprus,2004,50.6621
czech_republic,2004,201.1057
denmark,2004,184.83158
estonia,2004,27.41432
finland,2004,212.39366
france,2004,1958.92736
germany,2004,2597.08896
greece,2004,417.73326
hungary,2004,136.18369
iceland,2004,16.99608
ireland,2004,182.238
italy,2004,1897.1079
latvia,2004,33.4656
lithuania,2004,53.81194
luxembourg,2004,62.97559
netherlands,2004,938.19252
north_macedonia,2004,17.44858
norway,2004,210.86375
poland,2004,469.01746
portugal,2004,325.01367
romania,2004,225.80415
slovakia,2004,68.53749
slovenia,2004,52.26325
spain,2004,1506.81662
sweden,2004,359.85158
switzerland,2004,261.67477
turkey,2004,660.08519
ukraine,2004,295.98235
united_kingdom,2004,1750.96981
other_europe,2004,280.84209
total_europe,2004,16594.31539
azerbaijan,2004,90.53303
belarus,2004,159.96885
kazakhstan,2004,180.68733
russian_federation,2004,2620.66001
turkmenistan,2004,131.14749
uzbekistan,2004,114.95254
other_cis,2004,40.00016
total_cis,2004,3337.94941
iran,2004,1481.06834
iraq,2004,524.50244
israel,2004,243.74624
kuwait,2004,368.63669
oman,2004,70.89016
qatar,2004,95.78491
saudi_arabia,2004,2055.90611
united_arab_emirates,2004,479.31904
other_middle_east,2004,664.35627
total_middle_east,2004,5984.21021
algeria,2004,238.26514
egypt,2004,572.50393
morocco,2004,181.71297
south_africa,2004,512.62616
eastern_africa,2004,310.43068
middle_africa,2004,118.07066
western_africa,2004,437.14059
other_northern_africa,2004,337.83647
other_southern_africa,2004,36.72914
total_africa,2004,2745.31575
australia,2004,849.02377
bangladesh,2004,78.25017
china,2004,6689.55735
china_hong_kong_sar,2004,311.3935
india,2004,2576.01013
indonesia,2004,1261.6836
japan,2004,5463.6964
malaysia,2004,651.8989
new_zealand,2004,143.34013
pakistan,2004,324.5427
philippines,2004,332.53825
singapore,2004,741.11019
south_korea,2004,2265.9308
sri_lanka,2004,77.40832
taiwan,2004,990.46859
thailand,2004,987.15578
vietnam,2004,265.97753
other_asia_pacific,2004,232.38696
total_asia_pacific,2004,24242.37308
total_world,2004,82941.7082
canada,2005,2348.09533
mexico,2005,2224.76621
united_states,2005,20531.48159
total_north_america,2005,25104.34313
argentina,2005,501.05968
brazil,2005,1974.76031
chile,2005,274.76802
colombia,2005,252.65012
ecuador,2005,169.15414
peru,2005,151.9353
trinidad_tobago,2005,39.44431
venezuela,2005,580.62315
central_america,2005,308.93001
other_caribbean,2005,806.47444
other_south_america,2005,138.84728
total_south_central_america,2005,5198.64676
austria,2005,292.76118
belgium,2005,661.00922
bulgaria,2005,105.98676
croatia,2005,91.44059
cyprus,2005,56.64959
czech_republic,2005,210.10535
denmark,2005,187.27119
estonia,2005,28.09562
finland,2005,220.35579
france,2005,1927.27766
germany,2005,2549.929
greece,2005,421.80148
hungary,2005,156.30392
iceland,2005,17.36252
ireland,2005,192.19974
italy,2005,1842.39851
latvia,2005,35.43548
lithuania,2005,58.30249
luxembourg,2005,64.73783
netherlands,2005,990.49099
north_macedonia,2005,18.17186
norway,2005,215.2338
poland,2005,481.57227
portugal,2005,334.06375
romania,2005,221.73236
slovakia,2005,81.01501
slovenia,2005,53.47833
spain,2005,1546.81562
sweden,2005,352.11314
switzerland,2005,263.09122
turkey,2005,656.38512
ukraine,2005,304.91323
united_kingdom,2005,1806.9727
other_europe,2005,293.73133
total_europe,2005,16739.20465
azerbaijan,2005,106.23948
belarus,2005,149.62855
kazakhstan,2005,186.04185
russian_federation,2005,2645.87617
turkmenistan,2005,107.5089
uzbekistan,2005,109.24496
other_cis,2005,43.27179
total_cis,2005,3347.81171
iran,2005,1594.9023
iraq,2005,497.94524
israel,2005,240.53112
kuwait,2005,402.26114
oman,2005,80.93277
qatar,2005,107.57634
saudi_arabia,2005,2203.31861
united_arab_emirates,2005,496.04458
other_middle_east,2005,755.84616
total_middle_east,2005,6379.35825
algeria,2005,249.25237
egypt,2005,606.39633
morocco,2005,196.88165
south_africa,2005,516.77306
eastern_africa,2005,332.17217
middle_africa,2005,110.65105
western_africa,2005,472.06389
other_northern_africa,2005,359.23677
other_southern_africa,2005,38.56032
total_africa,2005,2881.98761
australia,2005,867.65151
bangladesh,2005,80.47464
china,2005,6815.67267
china_hong_kong_sar,2005,283.1323
india,2005,2625.44807
indonesia,2005,1266.31597
japan,2005,5551.87905
malaysia,2005,676.79096
new_zealand,2005,150.64024
pakistan,2005,309.8319
philippines,2005,307.97096
singapore,2005,783.25364
south_korea,2005,2290.67079
sri_lanka,2005,88.38755
taiwan,2005,1000.60181
thailand,2005,995.79663
vietnam,2005,264.64436
other_asia_pacific,2005,235.08267
total_asia_pacific,2005,24594.2457
total_world,2005,84245.59781
canada,2006,2206.19257
mexico,2006,2169.78221
united_states,2006,20312.84974
total_north_america,2006,24688.82452
argentina,2006,525.67946
brazil,2006,2022.99754
chile,2006,283.42048
colombia,2006,267.98792
ecuador,2006,179.65388
peru,2006,145.10745
trinidad_tobago,2006,40.81393
venezuela,2006,625.05216
central_america,2006,326.01349
other_caribbean,2006,813.84038
other_south_america,2006,142.26252
total_south_central_america,2006,5372.82923
austria,2006,291.38666
belgium,2006,655.6766
bulgaria,2006,107.31012
croatia,2006,93.16305
cyprus,2006,56.04814
czech_republic,2006,206.39734
denmark,2006,188.52957
estonia,2006,29.25532
finland,2006,214.93859
france,2006,1921.06158
germany,2006,2541.80094
greece,2006,439.81084
hungary,2006,162.904
iceland,2006,17.61775
ireland,2006,196.48552
italy,2006,1855.68932
latvia,2006,33.57258
lithuania,2006,57.71266
luxembourg,2006,61.4906
netherlands,2006,981.45073
north_macedonia,2006,19.11816
norway,2006,221.57484
poland,2006,515.69507
portugal,2006,297.90692
romania,2006,213.99644
slovakia,2006,74.66511
slovenia,2006,55.33041
spain,2006,1531.49437
sweden,2006,350.45689
switzerland,2006,261.63059
turkey,2006,679.22008
ukraine,2006,312.14623
united_kingdom,2006,1785.21916
other_europe,2006,301.95622
total_europe,2006,16732.71237
azerbaijan,2006,96.10061
belarus,2006,175.39403
kazakhstan,2006,214.14362
russian_federation,2006,2777.79327
turkmenistan,2006,108.68434
uzbekistan,2006,111.59551
other_cis,2006,47.33294
total_cis,2006,3531.0443
iran,2006,1738.74532
iraq,2006,487.1728
israel,2006,234.21983
kuwait,2006,381.14617
oman,2006,85.88515
qatar,2006,134.90894
saudi_arabia,2006,2321.9976
united_arab_emirates,2006,533.3057
other_middle_east,2006,760.76544
total_middle_east,2006,6678.14695
algeria,2006,257.55273
egypt,2006,594.29389
morocco,2006,201.11283
south_africa,2006,527.33193
eastern_africa,2006,352.89625
middle_africa,2006,127.28391
western_africa,2006,458.01435
other_northern_africa,2006,377.06915
other_southern_africa,2006,38.41914
total_africa,2006,2933.97418
australia,2006,894.23835
bangladesh,2006,80.80258
china,2006,7322.5931
china_hong_kong_sar,2006,303.0693
india,2006,2772.09668
indonesia,2006,1222.3774
japan,2006,5363.89165
malaysia,2006,658.57635
new_zealand,2006,151.35047
pakistan,2006,353.83865
philippines,2006,283.23014
singapore,2006,837.34106
south_korea,2006,2299.50039
sri_lanka,2006,90.75733
taiwan,2006,1008.81779
thailand,2006,996.04992
vietnam,2006,260.56717
other_asia_pacific,2006,245.6996
total_asia_pacific,2006,25144.79792
total_world,2006,85082.32948
canada,2007,2436.56762
mexico,2007,2267.57255
united_states,2007,20208.14321
total_north_america,2007,24912.28337
argentina,2007,575.52734
brazil,2007,2116.91691
chile,2007,351.95964
colombia,2007,275.52745
ecuador,2007,182.74945
peru,2007,152.22974
trinidad_tobago,2007,42.09526
venezuela,2007,653.55071
central_america,2007,343.63748
other_caribbean,2007,778.84437
other_south_america,2007,155.37756
total_south_central_america,2007,5628.41591
austria,2007,280.86585
belgium,2007,660.97285
bulgaria,2007,105.71521
croatia,2007,95.34655
cyprus,2007,57.04461
czech_republic,2007,204.80225
denmark,2007,189.93571
estonia,2007,31.25819
finland,2007,216.66587
france,2007,1874.80527
germany,2007,2304.83105
greece,2007,446.12235
hungary,2007,162.4748
iceland,2007,17.6589
ireland,2007,194.42157
italy,2007,1799.29298
latvia,2007,36.38265
lithuania,2007,58.75332
luxembourg,2007,59.86543
netherlands,2007,1025.72298
north_macedonia,2007,20.6958
norway,2007,230.27146
poland,2007,530.68384
portugal,2007,302.11578
romania,2007,217.52441
slovakia,2007,78.57667
slovenia,2007,54.70249
spain,2007,1545.54441
sweden,2007,344.2076
switzerland,2007,251.06949
turkey,2007,693.73016
ukraine,2007,324.45036
united_kingdom,2007,1729.85575
other_europe,2007,317.1255
total_europe,2007,16463.49211
azerbaijan,2007,95.15985
belarus,2007,161.10118
kazakhstan,2007,235.00957
russian_federation,2007,2785.92364
turkmenistan,2007,99.74908
uzbekistan,2007,107.59797
other_cis,2007,57.33458
total_cis,2007,3541.87586
iran,2007,1740.3069
iraq,2007,443.54369
israel,2007,240.32332
kuwait,2007,388.91382
oman,2007,89.0086
qatar,2007,143.48715
saudi_arabia,2007,2378.49599
united_arab_emirates,2007,570.54707
other_middle_east,2007,777.29105
total_middle_east,2007,6771.91759
algeria,2007,285.98077
egypt,2007,641.5723
morocco,2007,211.33169
south_africa,2007,538.78857
eastern_africa,2007,367.85529
middle_africa,2007,144.77892
western_africa,2007,459.40225
other_northern_africa,2007,350.71896
other_southern_africa,2007,40.02369
total_africa,2007,3040.45245
australia,2007,917.09528
bangladesh,2007,77.98475
china,2007,7681.44871
china_hong_kong_sar,2007,321.94747
india,2007,2962.60529
indonesia,2007,1290.90332
japan,2007,5210.55916
malaysia,2007,699.84562
new_zealand,2007,152.16513
pakistan,2007,384.04029
philippines,2007,293.81096
singapore,2007,920.19427
south_korea,2007,2371.40235
sri_lanka,2007,96.2057
taiwan,2007,1058.18804
thailand,2007,992.83968
vietnam,2007,290.36761
other_asia_pacific,2007,257.61257
total_asia_pacific,2007,25979.21621
total_world,2007,86337.6535
canada,2008,2341.68912
mexico,2008,2329.11051
united_states,2008,18848.28484
total_north_america,2008,23519.08447
argentina,2008,575.64648
brazil,2008,2198.68967
chile,2008,369.15674
colombia,2008,270.65664
ecuador,2008,188.07439
peru,2008,170.18015
trinidad_tobago,2008,44.65333
venezuela,2008,717.19093
central_america,2008,345.63832
other_caribbean,2008,717.25604
other_south_america,2008,173.24529
total_south_central_america,2008,5770.388
austria,2008,272.34817
belgium,2008,695.38381
bulgaria,2008,103.97974
croatia,2008,90.83018
cyprus,2008,58.01354
czech_republic,2008,205.75587
denmark,2008,186.87861
estonia,2008,29.63811
finland,2008,210.18509
france,2008,1828.03086
germany,2008,2434.2563
greece,2008,426.20896
hungary,2008,154.44707
iceland,2008,16.31817
ireland,2008,185.26861
italy,2008,1714.67998
latvia,2008,35.4473
lithuania,2008,62.27984
luxembourg,2008,60.13581
netherlands,2008,971.97772
north_macedonia,2008,18.93061
norway,2008,214.25298
poland,2008,541.85098
portugal,2008,287.68866
romania,2008,209.02352
slovakia,2008,82.35044
slovenia,2008,63.22445
spain,2008,1473.74676
sweden,2008,335.12024
switzerland,2008,259.15108
turkey,2008,681.6606
ukraine,2008,310.44293
united_kingdom,2008,1690.20698
other_europe,2008,317.47595
total_europe,2008,16227.18994
azerbaijan,2008,78.70423
belarus,2008,158.61429
kazakhstan,2008,235.1637
russian_federation,2008,2871.28315
turkmenistan,2008,135.70514
uzbekistan,2008,102.13779
other_cis,2008,60.65987
total_cis,2008,3642.26817
iran,2008,1806.41337
iraq,2008,492.34393
israel,2008,238.94042
kuwait,2008,409.25549
oman,2008,117.72803
qatar,2008,174.25436
saudi_arabia,2008,2604.11462
united_arab_emirates,2008,597.31109
other_middle_east,2008,813.31139
total_middle_east,2008,7253.67271
algeria,2008,308.66163
egypt,2008,679.0523
morocco,2008,231.26116
south_africa,2008,510.05573
eastern_africa,2008,376.86157
middle_africa,2008,163.4743
western_africa,2008,492.00892
other_northern_africa,2008,358.69024
other_southern_africa,2008,44.19356
total_africa,2008,3164.25941
australia,2008,923.68797
bangladesh,2008,77.2486
china,2008,7818.68491
china_hong_kong_sar,2008,291.63504
india,2008,3100.22841
indonesia,2008,1319.95256
japan,2008,4977.23292
malaysia,2008,672.31618
new_zealand,2008,153.23221
pakistan,2008,389.2876
philippines,2008,280.49727
singapore,2008,973.29922
south_korea,2008,2270.3927
sri_lanka,2008,88.11267
taiwan,2008,990.05776
thailand,2008,945.46826
vietnam,2008,304.76756
other_asia_pacific,2008,246.84356
total_asia_pacific,2008,25822.94539
total_world,2008,85399.80809
canada,2009,2290.56161
mexico,2009,2239.36822
united_states,2009,18030.47037
total_north_america,2009,22560.4002
argentina,2009,547.64289
brazil,2009,2200.15095
chile,2009,351.35019
colombia,2009,269.08016
ecuador,2009,190.66662
peru,2009,173.86254
trinidad_tobago,2009,43.37972
venezuela,2009,750.60892
central_america,2009,344.55603
other_caribbean,2009,678.8168
other_south_america,2009,175.95446
total_south_central_america,2009,5726.06927
austria,2009,257.8149
belgium,2009,619.51437
bulgaria,2009,94.39866
croatia,2009,88.7222
cyprus,2009,57.07412
czech_republic,2009,199.08921
denmark,2009,169.20022
estonia,2009,26.74294
finland,2009,198.69691
france,2009,1756.09509
germany,2009,2338.87172
greece,2009,402.27692
hungary,2009,150.35669
iceland,2009,15.17323
ireland,2009,158.97033
italy,2009,1570.48665
latvia,2009,32.12088
lithuania,2009,53.70512
luxembourg,2009,56.45856
netherlands,2009,935.46941
north_macedonia,2009,19.46012
norway,2009,213.5683
poland,2009,539.22022
portugal,2009,267.27917
romania,2009,188.05814
slovakia,2009,76.70133
slovenia,2009,53.90592
spain,2009,1388.86252
sweden,2009,309.32424
switzerland,2009,252.50545
turkey,2009,705.74712
ukraine,2009,301.85657
united_kingdom,2009,1622.88149
other_europe,2009,317.55301
total_europe,2009,15438.16172
azerbaijan,2009,68.99346
belarus,2009,179.34447
kazakhstan,2009,190.75239
russian_federation,2009,2784.84457
turkmenistan,2009,98.46575
uzbekistan,2009,96.2926
other_cis,2009,64.61331
total_cis,2009,3483.30655
iran,2009,1770.80343
iraq,2009,470.25548
israel,2009,223.58835
kuwait,2009,434.56438
oman,2009,114.04805
qatar,2009,171.57964
saudi_arabia,2009,2826.58067
united_arab_emirates,2009,598.61474
other_middle_east,2009,800.94866
total_middle_east,2009,7410.98339
algeria,2009,326.52504
egypt,2009,714.66693
morocco,2009,234.67941
south_africa,2009,502.0199
eastern_africa,2009,402.01625
middle_africa,2009,185.62517
western_africa,2009,506.05557
other_northern_africa,2009,384.11871
other_southern_africa,2009,44.31505
total_africa,2009,3300.02203
australia,2009,909.60147
bangladesh,2009,73.19884
china,2009,8165.96282
china_hong_kong_sar,2009,331.59321
india,2009,3257.22876
indonesia,2009,1340.26314
japan,2009,4516.4471
malaysia,2009,677.80143
new_zealand,2009,146.9681
pakistan,2009,414.95906
philippines,2009,295.86849
singapore,2009,1047.97175
south_korea,2009,2309.4944
sri_lanka,2009,90.91413
taiwan,2009,975.45962
thailand,2009,985.04822
vietnam,2009,313.08897
other_asia_pacific,2009,276.87779
total_asia_pacific,2009,26128.74729
total_world,2009,84047.69046
canada,2010,2396.03015
mexico,2010,2176.22832
united_states,2010,18321.79437
total_north_america,2010,22894.05284
argentina,2010,577.27029
brazil,2010,2357.43215
chile,2010,325.22255
colombia,2010,283.37848
ecuador,2010,220.33254
peru,2010,184.00532
trinidad_tobago,2010,44.35601
venezuela,2010,755.81588
central_america,2010,349.88008
other_caribbean,2010,694.38833
other_south_america,2010,176.13204
total_south_central_america,2010,5968.21365
austria,2010,265.48564
belgium,2010,643.945
bulgaria,2010,85.35135
croatia,2010,76.33794
cyprus,2010,55.45852
czech_republic,2010,188.52392
denmark,2010,174.04378
estonia,2010,27.55596
finland,2010,206.45779
france,2010,1704.59612
germany,2010,2372.84466
greece,2010,365.88523
hungary,2010,141.85103
iceland,2010,14.54334
ireland,2010,154.91777
italy,2010,1545.93049
latvia,2010,36.25085
lithuania,2010,54.66721
luxembourg,2010,59.02832
netherlands,2010,1006.59188
north_macedonia,2010,19.04703
norway,2010,224.2563
poland,2010,563.95274
portugal,2010,263.34422
romania,2010,176.31208
slovakia,2010,79.58189
slovenia,2010,54.23564
spain,2010,1355.22353
sweden,2010,326.29359
switzerland,2010,257.84661
turkey,2010,679.62156
ukraine,2010,292.6637
united_kingdom,2010,1598.17414
other_europe,2010,311.47338
total_europe,2010,15382.2932
azerbaijan,2010,68.47385
belarus,2010,157.87627
kazakhstan,2010,198.26529
russian_federation,2010,2879.30569
turkmenistan,2010,113.64178
uzbekistan,2010,97.6094
other_cis,2010,63.29934
total_cis,2010,3578.47162
iran,2010,1754.20024
iraq,2010,548.44837
israel,2010,221.97268
kuwait,2010,501.63843
oman,2010,129.56997
qatar,2010,188.0108
saudi_arabia,2010,3169.47501
united_arab_emirates,2010,654.1251
other_middle_east,2010,746.24395
total_middle_east,2010,7913.68455
algeria,2010,329.38356
egypt,2010,736.41173
morocco,2010,258.25456
south_africa,2010,527.90845
eastern_africa,2010,427.89202
middle_africa,2010,195.93819
western_africa,2010,550.28784
other_northern_africa,2010,391.73973
other_southern_africa,2010,43.53274
total_africa,2010,3461.34882
australia,2010,934.98425
bangladesh,2010,81.32525
china,2010,9307.17648
china_hong_kong_sar,2010,358.98274
india,2010,3337.24774
indonesia,2010,1424.82532
japan,2010,4553.3845
malaysia,2010,691.83342
new_zealand,2010,147.83929
pakistan,2010,411.20308
philippines,2010,307.14795
singapore,2010,1145.3841
south_korea,2010,2360.65138
sri_lanka,2010,91.52609
taiwan,2010,1015.95483
thailand,2010,1022.14126
vietnam,2010,354.94789
other_asia_pacific,2010,316.96638
total_asia_pacific,2010,27863.52194
total_world,2010,87061.58661
canada,2011,2405.09609
mexico,2011,2198.75923
united_states,2011,17992.6221
total_north_america,2011,22596.47742
argentina,2011,605.89302
brazil,2011,2475.46149
chile,2011,336.56374
colombia,2011,298.41365
ecuador,2011,226.05108
peru,2011,203.78397
trinidad_tobago,2011,43.42983
venezuela,2011,785.99242
central_america,2011,357.4269
other_caribbean,2011,683.47665
other_south_america,2011,188.72223
total_south_central_america,2011,6205.21498
austria,2011,249.80337
belgium,2011,605.31785
bulgaria,2011,81.24308
croatia,2011,72.47364
cyprus,2011,54.62521
czech_republic,2011,191.25836
denmark,2011,166.06604
estonia,2011,26.98194
finland,2011,201.59358
france,2011,1676.663
germany,2011,2293.59896
greece,2011,349.51764
hungary,2011,138.67892
iceland,2011,14.35758
ireland,2011,144.94034
italy,2011,1497.52643
latvia,2011,33.45294
lithuania,2011,52.93378
luxembourg,2011,60.21977
netherlands,2011,1001.36026
north_macedonia,2011,19.73348
norway,2011,218.25115
poland,2011,556.0383
portugal,2011,247.28546
romania,2011,185.30526
slovakia,2011,78.23211
slovenia,2011,53.96726
spain,2011,1289.38002
sweden,2011,304.75379
switzerland,2011,239.07649
turkey,2011,653.68482
ukraine,2011,290.81041
united_kingdom,2011,1552.4922
other_europe,2011,312.91712
total_europe,2011,14914.54055
azerbaijan,2011,89.21262
belarus,2011,173.8857
kazakhstan,2011,261.53165
russian_federation,2011,3094.04297
turkmenistan,2011,108.36713
uzbekistan,2011,93.05521
other_cis,2011,65.06118
total_cis,2011,3885.15644
iran,2011,1765.02543
iraq,2011,586.16255
israel,2011,233.1975
kuwait,2011,480.61896
oman,2011,143.07019
qatar,2011,246.31131
saudi_arabia,2011,3295.55666
united_arab_emirates,2011,723.0143
other_middle_east,2011,745.80248
total_middle_east,2011,8218.75939
algeria,2011,349.47178
egypt,2011,744.99997
morocco,2011,274.77784
south_africa,2011,534.57174
eastern_africa,2011,447.29127
middle_africa,2011,208.77328
western_africa,2011,606.43438
other_northern_africa,2011,263.29284
other_southern_africa,2011,44.95322
total_africa,2011,3474.56633
australia,2011,979.61919
bangladesh,2011,102.12633
china,2011,9629.79793
china_hong_kong_sar,2011,360.27195
india,2011,3503.27526
indonesia,2011,1534.59119
japan,2011,4538.03986
malaysia,2011,699.88048
new_zealand,2011,151.18925
pakistan,2011,414.274
philippines,2011,292.23836
singapore,2011,1197.39967
south_korea,2011,2388.11315
sri_lanka,2011,101.66495
taiwan,2011,946.98562
thailand,2011,1062.10116
vietnam,2011,358.0226
other_asia_pacific,2011,333.5895
total_asia_pacific,2011,28593.18046
total_world,2011,87887.89558
canada,2012,2413.92088
mexico,2012,2227.67945
united_states,2012,17581.03486
total_north_america,2012,22222.63519
argentina,2012,646.70169
brazil,2012,2603.15768
chile,2012,349.93689
colombia,2012,316.66931
ecuador,2012,232.88547
peru,2012,204.07205
trinidad_tobago,2012,39.71966
venezuela,2012,851.96157
central_america,2012,363.90231
other_caribbean,2012,644.78855
other_south_america,2012,191.56611
total_south_central_america,2012,6445.36128
austria,2012,245.46019
belgium,2012,585.44106
bulgaria,2012,84.28066
croatia,2012,64.99183
cyprus,2012,51.06093
czech_republic,2012,188.98702
denmark,2012,153.6223
estonia,2012,31.70741
finland,2012,193.94297
france,2012,1618.37793
germany,2012,2276.32544
greece,2012,304.67142
hungary,2012,129.05545
iceland,2012,14.17989
ireland,2012,136.51682
italy,2012,1393.10566
latvia,2012,33.45031
lithuania,2012,53.26284
luxembourg,2012,57.95023
netherlands,2012,981.34565
north_macedonia,2012,18.97324
norway,2012,217.46255
poland,2012,531.92383
portugal,2012,223.07859
romania,2012,187.16265
slovakia,2012,72.23727
slovenia,2012,52.64292
spain,2012,1185.79553
sweden,2012,290.19441
switzerland,2012,242.94974
turkey,2012,684.49536
ukraine,2012,286.60179
united_kingdom,2012,1508.3521
other_europe,2012,293.2413
total_europe,2012,14392.84729
azerbaijan,2012,92.81017
belarus,2012,213.08385
kazakhstan,2012,280.12424
russian_federation,2012,3184.06042
turkmenistan,2012,152.80063
uzbekistan,2012,94.4232
other_cis,2012,72.53408
total_cis,2012,4089.8366
iran,2012,1798.65858
iraq,2012,642.11728
israel,2012,273.70326
kuwait,2012,476.31953
oman,2012,154.54087
qatar,2012,261.86292
saudi_arabia,2012,3466.79275
united_arab_emirates,2012,765.66091
other_middle_east,2012,686.8457
total_middle_east,2012,8526.50182
algeria,2012,369.84074
egypt,2012,757.75358
morocco,2012,277.00985
south_africa,2012,544.50542
eastern_africa,2012,483.58645
middle_africa,2012,239.29717
western_africa,2012,671.10598
other_northern_africa,2012,331.25894
other_southern_africa,2012,46.72848
total_africa,2012,3721.0866
australia,2012,1000.68643
bangladesh,2012,114.8874
china,2012,10060.58589
china_hong_kong_sar,2012,344.19825
india,2012,3701.71517
indonesia,2012,1616.25596
japan,2012,4779.04706
malaysia,2012,761.15668
new_zealand,2012,148.92919
pakistan,2012,402.28812
philippines,2012,302.37705
singapore,2012,1197.72959
south_korea,2012,2465.66596
sri_lanka,2012,108.70026
taiwan,2012,932.25149
thailand,2012,1093.03951
vietnam,2012,353.96332
other_asia_pacific,2012,337.25346
total_asia_pacific,2012,29720.73081
total_world,2012,89118.99959
canada,2013,2422.1882
mexico,2013,2168.19327
united_states,2013,17991.99836
total_north_america,2013,22582.37982
argentina,2013,765.11977
brazil,2013,2697.72623
chile,2013,348.44408
colombia,2013,335.32268
ecuador,2013,247.3288
peru,2013,215.36804
trinidad_tobago,2013,42.55863
venezuela,2013,868.96763
central_america,2013,370.84916
other_caribbean,2013,610.82929
other_south_america,2013,197.50723
total_south_central_america,2013,6700.02154
austria,2013,251.38909
belgium,2013,603.40008
bulgaria,2013,79.00474
croatia,2013,63.04919
cyprus,2013,45.67816
czech_republic,2013,180.91412
denmark,2013,150.4213
estonia,2013,31.18887
finland,2013,207.54309
france,2013,1605.7686
germany,2013,2336.15775
greece,2013,282.01048
hungary,2013,127.77876
iceland,2013,14.85051
ireland,2013,138.83907
italy,2013,1260.62654
latvia,2013,34.00734
lithuania,2013,51.96945
luxembourg,2013,57.11082
netherlands,2013,944.49888
north_macedonia,2013,18.75059
norway,2013,221.4862
poland,2013,500.30819
portugal,2013,232.00516
romania,2013,176.93507
slovakia,2013,72.65455
slovenia,2013,49.82948
spain,2013,1153.36158
sweden,2013,286.41643
switzerland,2013,247.24606
turkey,2013,733.54351
ukraine,2013,273.98214
united_kingdom,2013,1500.66053
other_europe,2013,298.57743
total_europe,2013,14231.96374
azerbaijan,2013,101.39847
belarus,2013,159.24781
kazakhstan,2013,285.1295
russian_federation,2013,3218.17704
turkmenistan,2013,137.4207
uzbekistan,2013,89.12888
other_cis,2013,76.3422
total_cis,2013,4066.8446
iran,2013,1933.25383
iraq,2013,706.20593
israel,2013,212.2794
kuwait,2013,511.79216
oman,2013,176.23485
qatar,2013,304.79686
saudi_arabia,2013,3468.26042
united_arab_emirates,2013,847.04921
other_middle_east,2013,647.30693
total_middle_east,2013,8807.17959
algeria,2013,387.40578
egypt,2013,767.41575
morocco,2013,281.97523
south_africa,2013,555.33112
eastern_africa,2013,513.51043
middle_africa,2013,272.46348
western_africa,2013,730.01369
other_northern_africa,2013,347.0392
other_southern_africa,2013,49.39642
total_africa,2013,3904.55111
australia,2013,1031.09301
bangladesh,2013,116.84655
china,2013,10563.37766
china_hong_kong_sar,2013,351.11769
india,2013,3743.19177
indonesia,2013,1576.24363
japan,2013,4606.37258
malaysia,2013,806.09716
new_zealand,2013,151.13217
pakistan,2013,441.90359
philippines,2013,318.20165
singapore,2013,1201.05292
south_korea,2013,2476.42192
sri_lanka,2013,94.33432
taiwan,2013,964.74664
thailand,2013,1152.39554
vietnam,2013,366.71625
other_asia_pacific,2013,354.69525
total_asia_pacific,2013,30315.9403
total_world,2013,90608.8807
canada,2014,2410.73729
mexico,2014,2087.18464
united_states,2014,18111.09266
total_north_america,2014,22609.01459
argentina,2014,710.72861
brazil,2014,2770.07636
chile,2014,347.293
colombia,2014,356.06991
ecuador,2014,260.21353
peru,2014,212.90707
trinidad_tobago,2014,40.43704
venezuela,2014,809.16379
central_america,2014,382.70255
other_caribbean,2014,619.4445
other_south_america,2014,197.90713
total_south_central_america,2014,6706.94349
austria,2014,244.32576
belgium,2014,596.84332
bulgaria,2014,85.34096
croatia,2014,65.40538
cyprus,2014,45.4734
czech_republic,2014,191.54357
denmark,2014,150.07299
estonia,2014,29.14491
finland,2014,196.60601
france,2014,1553.12365
germany,2014,2272.66548
greece,2014,280.60104
hungary,2014,141.8819
iceland,2014,15.55846
ireland,2014,137.72125
italy,2014,1286.0351
latvia,2014,34.13202
lithuania,2014,51.15934
luxembourg,2014,55.08733
netherlands,2014,934.45574
north_macedonia,2014,18.70048
norway,2014,216.43019
poland,2014,500.98238
portugal,2014,231.62086
romania,2014,181.35808
slovakia,2014,67.72964
slovenia,2014,49.16074
spain,2014,1158.56051
sweden,2014,281.70404
switzerland,2014,224.73713
turkey,2014,754.7331
ukraine,2014,243.50588
united_kingdom,2014,1501.05303
other_europe,2014,293.87189
total_europe,2014,14091.32555
azerbaijan,2014,100.19333
belarus,2014,163.32951
kazakhstan,2014,294.28154
russian_federation,2014,3364.8903
turkmenistan,2014,153.99488
uzbekistan,2014,90.76304
other_cis,2014,75.98619
total_cis,2014,4243.43879
iran,2014,1807.29796
iraq,2014,689.32172
israel,2014,199.36973
kuwait,2014,494.17224
oman,2014,182.21737
qatar,2014,314.93526
saudi_arabia,2014,3788.58205
united_arab_emirates,2014,881.21399
other_middle_east,2014,681.32433
total_middle_east,2014,9038.43466
algeria,2014,400.60595
egypt,2014,800.52499
morocco,2014,272.03211
south_africa,2014,548.89968
eastern_africa,2014,536.15753
middle_africa,2014,286.5024
western_africa,2014,737.38047
other_northern_africa,2014,357.36123
other_southern_africa,2014,50.62634
total_africa,2014,3990.09069
australia,2014,1025.14761
bangladesh,2014,128.49185
china,2014,11017.88503
china_hong_kong_sar,2014,334.74589
india,2014,3864.64852
indonesia,2014,1576.42772
japan,2014,4380.46174
malaysia,2014,803.40902
new_zealand,2014,154.03646
pakistan,2014,457.94738
philippines,2014,337.9912
singapore,2014,1229.37102
south_korea,2014,2473.07397
sri_lanka,2014,107.53121
taiwan,2014,994.58288
thailand,2014,1168.95213
vietnam,2014,384.72956
other_asia_pacific,2014,369.02981
total_asia_pacific,2014,30808.463
total_world,2014,91487.71077
canada,2015,2435.41748
mexico,2015,2037.82602
united_states,2015,18499.20849
total_north_america,2015,22972.45199
argentina,2015,724.82257
brazil,2015,2622.37552
chile,2015,339.81852
colombia,2015,358.30468
ecuador,2015,253.942
peru,2015,227.00816
trinidad_tobago,2015,43.91968
venezuela,2015,711.26356
central_america,2015,420.68141
other_caribbean,2015,650.11902
other_south_america,2015,202.55239
total_south_central_america,2015,6554.80751
austria,2015,246.8639
belgium,2015,612.50604
bulgaria,2015,94.77882
croatia,2015,67.9052
cyprus,2015,46.46548
czech_republic,2015,184.10544
denmark,2015,152.9023
estonia,2015,29.31085
finland,2015,196.49142
france,2015,1579.34631
germany,2015,2269.1286
greece,2015,293.62912
hungary,2015,152.60387
iceland,2015,16.9688
ireland,2015,142.62228
italy,2015,1303.034
latvia,2015,35.9637
lithuania,2015,55.82381
luxembourg,2015,54.14691
netherlands,2015,914.51887
north_macedonia,2015,20.12917
norway,2015,221.31066
poland,2015,528.14899
portugal,2015,235.54948
romania,2015,184.30912
slovakia,2015,73.87205
slovenia,2015,48.55436
spain,2015,1201.62797
sweden,2015,276.577
switzerland,2015,226.57722
turkey,2015,883.79085
ukraine,2015,214.74257
united_kingdom,2015,1525.74028
other_europe,2015,304.56937
total_europe,2015,14394.61482
azerbaijan,2015,100.3201
belarus,2015,137.31915
kazakhstan,2015,273.88639
russian_federation,2015,3276.7291
turkmenistan,2015,127.44018
uzbekistan,2015,92.35329
other_cis,2015,80.20096
total_cis,2015,4088.24916
iran,2015,1604.45287
iraq,2015,684.12951
israel,2015,211.00702
kuwait,2015,502.87718
oman,2015,186.34727
qatar,2015,357.44589
saudi_arabia,2015,3964.21982
united_arab_emirates,2015,912.45611
other_middle_east,2015,584.31547
total_middle_east,2015,9007.25113
algeria,2015,424.97614
egypt,2015,816.93405
morocco,2015,268.31945
south_africa,2015,599.75218
eastern_africa,2015,580.06426
middle_africa,2015,280.99279
western_africa,2015,771.3638
other_northern_africa,2015,317.53573
other_southern_africa,2015,53.92769
total_africa,2015,4113.86609
australia,2015,1015.53881
bangladesh,2015,155.39699
china,2015,11889.78001
china_hong_kong_sar,2015,366.60989
india,2015,4180.58942
indonesia,2015,1510.05891
japan,2015,4233.86047
malaysia,2015,753.66161
new_zealand,2015,160.13835
pakistan,2015,505.30065
philippines,2015,386.27076
singapore,2015,1290.69854
south_korea,2015,2585.67671
sri_lanka,2015,104.85442
taiwan,2015,1019.9213
thailand,2015,1170.93331
vietnam,2015,449.61344
other_asia_pacific,2015,437.18307
total_asia_pacific,2015,32216.08666
total_world,2015,93347.32738
canada,2016,2427.08777
mexico,2016,2085.12411
united_states,2016,18592.69487
total_north_america,2016,23104.90675
argentina,2016,706.95108
brazil,2016,2489.23108
chile,2016,358.58271
colombia,2016,399.87116
ecuador,2016,239.37498
peru,2016,240.80726
trinidad_tobago,2016,44.98706
venezuela,2016,627.85819
central_america,2016,437.05337
other_caribbean,2016,667.39838
other_south_america,2016,212.70816
total_south_central_america,2016,6424.82342
austria,2016,252.86867
belgium,2016,615.28919
bulgaria,2016,96.80533
croatia,2016,68.20887
cyprus,2016,50.52567
czech_republic,2016,172.06949
denmark,2016,153.04366
estonia,2016,28.71658
finland,2016,206.16512
france,2016,1547.00945
germany,2016,2310.40029
greece,2016,293.3305
hungary,2016,150.30879
iceland,2016,18.71678
ireland,2016,149.5155
italy,2016,1276.31543
latvia,2016,37.17551
lithuania,2016,61.04847
luxembourg,2016,53.95885
netherlands,2016,932.24436
north_macedonia,2016,22.63958
norway,2016,214.65225
poland,2016,576.03421
portugal,2016,239.08782
romania,2016,193.15675
slovakia,2016,76.74533
slovenia,2016,51.71331
spain,2016,1233.11008
sweden,2016,288.41887
switzerland,2016,213.82011
turkey,2016,940.28049
ukraine,2016,228.15317
united_kingdom,2016,1568.24668
other_europe,2016,324.38061
total_europe,2016,14644.15574
azerbaijan,2016,98.57206
belarus,2016,146.95646
kazakhstan,2016,279.07666
russian_federation,2016,3327.86402
turkmenistan,2016,177.00121
uzbekistan,2016,108.28082
other_cis,2016,87.15461
total_cis,2016,4224.90584
iran,2016,1658.58881
iraq,2016,688.34241
israel,2016,216.09614
kuwait,2016,480.48996
oman,2016,189.63936
qatar,2016,374.83377
saudi_arabia,2016,4099.72405
united_arab_emirates,2016,994.57131
other_middle_east,2016,539.79001
total_middle_east,2016,9242.07583
algeria,2016,412.41369
egypt,2016,843.3797
morocco,2016,275.26872
south_africa,2016,577.09077
eastern_africa,2016,598.81519
middle_africa,2016,258.59008
western_africa,2016,784.78688
other_northern_africa,2016,297.05486
other_southern_africa,2016,54.39955
total_africa,2016,4101.79944
australia,2016,1017.21355
bangladesh,2016,160.20235
china,2016,12297.4602
china_hong_kong_sar,2016,379.27054
india,2016,4573.9162
indonesia,2016,1458.74072
japan,2016,4103.35188
malaysia,2016,837.95858
new_zealand,2016,165.44093
pakistan,2016,566.0165
philippines,2016,415.38949
singapore,2016,1359.91386
south_korea,2016,2811.27202
sri_lanka,2016,127.35811
taiwan,2016,1021.0737
thailand,2016,1197.06106
vietnam,2016,488.13551
other_asia_pacific,2016,419.76518
total_asia_pacific,2016,33399.54037
total_world,2016,95142.2074
canada,2017,2394.91006
mexico,2017,2038.03387
united_states,2017,18845.18869
total_north_america,2017,23278.13263
argentina,2017,687.73035
brazil,2017,2516.26524
chile,2017,365.87629
colombia,2017,398.28113
ecuador,2017,236.46947
peru,2017,245.79699
trinidad_tobago,2017,40.29226
venezuela,2017,547.50316
central_america,2017,453.16564
other_caribbean,2017,662.59646
other_south_america,2017,217.02988
total_south_central_america,2017,6371.00686
austria,2017,253.94329
belgium,2017,620.35305
bulgaria,2017,101.56524
croatia,2017,72.90004
cyprus,2017,52.33847
czech_republic,2017,205.38655
denmark,2017,152.79418
estonia,2017,30.05158
finland,2017,199.87019
france,2017,1576.77975
germany,2017,2467.64155
greece,2017,297.73277
hungary,2017,163.68637
iceland,2017,20.94182
ireland,2017,148.84736
italy,2017,1286.04057
latvia,2017,37.82158
lithuania,2017,62.90052
luxembourg,2017,56.66551
netherlands,2017,938.79517
north_macedonia,2017,21.59872
norway,2017,216.95864
poland,2017,650.44402
portugal,2017,240.23675
romania,2017,204.06914
slovakia,2017,86.06644
slovenia,2017,53.05326
spain,2017,1243.13693
sweden,2017,294.09687
switzerland,2017,219.53592
turkey,2017,1014.18928
ukraine,2017,229.79292
united_kingdom,2017,1589.85492
other_europe,2017,341.0296
total_europe,2017,15151.11896
azerbaijan,2017,100.15606
belarus,2017,146.77301
kazakhstan,2017,283.44814
russian_federation,2017,3334.1248
turkmenistan,2017,140.88879
uzbekistan,2017,109.5074
other_cis,2017,84.03972
total_cis,2017,4198.93791
iran,2017,1705.77413
iraq,2017,828.01203
israel,2017,226.31326
kuwait,2017,488.70356
oman,2017,208.29366
qatar,2017,340.80808
saudi_arabia,2017,4052.03407
united_arab_emirates,2017,984.15107
other_middle_east,2017,575.51345
total_middle_east,2017,9409.60331
algeria,2017,407.74049
egypt,2017,808.66112
morocco,2017,290.95164
south_africa,2017,579.08015
eastern_africa,2017,640.53086
middle_africa,2017,249.05854
western_africa,2017,827.88996
other_northern_africa,2017,329.67023
other_southern_africa,2017,53.29204
total_africa,2017,4186.87504
australia,2017,1063.32878
bangladesh,2017,180.787
china,2017,13002.55649
china_hong_kong_sar,2017,426.89452
india,2017,4754.37426
indonesia,2017,1569.72616
japan,2017,4082.61103
malaysia,2017,797.02053
new_zealand,2017,173.94657
pakistan,2017,588.61597
philippines,2017,446.4593
singapore,2017,1383.66559
south_korea,2017,2804.22192
sri_lanka,2017,137.81051
taiwan,2017,1012.45762
thailand,2017,1242.89668
vietnam,2017,531.04394
other_asia_pacific,2017,440.09323
total_asia_pacific,2017,34638.51009
total_world,2017,97234.1848
canada,2018,2466.4433
mexico,2018,1918.17685
united_states,2018,19416.58825
total_north_america,2018,23801.2084
argentina,2018,654.33772
brazil,2018,2388.86378
chile,2018,379.09889
colombia,2018,414.00249
ecuador,2018,254.68937
peru,2018,254.01817
trinidad_tobago,2018,34.41376
venezuela,2018,425.10178
central_america,2018,450.59247
other_caribbean,2018,669.15681
other_south_america,2018,225.35064
total_south_central_america,2018,6149.62588
austria,2018,259.15862
belgium,2018,667.71104
bulgaria,2018,100.85731
croatia,2018,70.75579
cyprus,2018,51.69584
czech_republic,2018,206.72345
denmark,2018,154.32551
estonia,2018,29.81755
finland,2018,199.86047
france,2018,1538.26644
germany,2018,2336.86916
greece,2018,294.35376
hungary,2018,174.81548
iceland,2018,22.60279
ireland,2018,154.53514
italy,2018,1314.44432
latvia,2018,34.28706
lithuania,2018,66.83433
luxembourg,2018,59.97377
netherlands,2018,917.41152
north_macedonia,2018,22.53197
norway,2018,225.64141
poland,2018,666.90423
portugal,2018,230.89486
romania,2018,204.3262
slovakia,2018,87.37192
slovenia,2018,54.48683
spain,2018,1262.11347
sweden,2018,261.47176
switzerland,2018,211.01779
turkey,2018,1018.44125
ukraine,2018,239.8917
united_kingdom,2018,1563.01804
other_europe,2018,337.92125
total_europe,2018,15041.33204
azerbaijan,2018,113.60797
belarus,2018,170.7302
kazakhstan,2018,303.70023
russian_federation,2018,3359.96764
turkmenistan,2018,151.26386
uzbekistan,2018,115.67567
other_cis,2018,95.86372
total_cis,2018,4310.80929
iran,2018,1771.61862
iraq,2018,814.48103
israel,2018,228.92972
kuwait,2018,511.39315
oman,2018,223.99348
qatar,2018,350.59598
saudi_arabia,2018,3870.59895
united_arab_emirates,2018,984.08437
other_middle_east,2018,602.47178
total_middle_east,2018,9358.16706
algeria,2018,413.41959
egypt,2018,727.48397
morocco,2018,286.74463
south_africa,2018,562.69298
eastern_africa,2018,672.94359
middle_africa,2018,250.93005
western_africa,2018,878.05614
other_northern_africa,2018,334.43851
other_southern_africa,2018,58.03018
total_africa,2018,4184.73965
australia,2018,1076.23711
bangladesh,2018,207.68543
china,2018,13641.41357
china_hong_kong_sar,2018,433.4668
india,2018,5004.38273
indonesia,2018,1620.75631
japan,2018,3941.2148
malaysia,2018,805.53601
new_zealand,2018,174.65205
pakistan,2018,502.61694
philippines,2018,457.04454
singapore,2018,1414.62441
south_korea,2018,2799.51233
sri_lanka,2018,137.86119
taiwan,2018,1008.89335
thailand,2018,1271.55346
vietnam,2018,580.04543
other_asia_pacific,2018,525.71837
total_asia_pacific,2018,35603.21483
total_world,2018,98449.09716
canada,2019,2474.92872
mexico,2019,1817.56396
united_states,2019,19423.62525
total_north_america,2019,23716.11794
argentina,2019,569.837
brazil,2019,2417.35551
chile,2019,378.11527
colombia,2019,414.45219
ecuador,2019,248.53153
peru,2019,262.13641
trinidad_tobago,2019,35.39206
venezuela,2019,411.15811
central_america,2019,487.91152
other_caribbean,2019,623.24397
other_south_america,2019,231.09528
total_south_central_america,2019,6079.22885
austria,2019,265.47616
belgium,2019,627.69388
bulgaria,2019,105.24918
croatia,2019,69.15174
cyprus,2019,51.55305
czech_republic,2019,209.46296
denmark,2019,189.27033
estonia,2019,26.79314
finland,2019,198.67458
france,2019,1528.37352
germany,2019,2362.06989
greece,2019,303.57815
hungary,2019,176.25526
iceland,2019,19.21434
ireland,2019,154.32225
italy,2019,1288.57849
latvia,2019,38.8826
lithuania,2019,66.91186
luxembourg,2019,60.64416
netherlands,2019,886.63845
north_macedonia,2019,22.56316
norway,2019,215.49019
poland,2019,682.87512
portugal,2019,247.24233
romania,2019,215.11054
slovakia,2019,82.66841
slovenia,2019,52.02609
spain,2019,1264.75479
sweden,2019,266.23646
switzerland,2019,216.33344
turkey,2019,1025.32848
ukraine,2019,239.35168
united_kingdom,2019,1515.31483
other_europe,2019,349.96879
total_europe,2019,15024.05831
azerbaijan,2019,115.1834
belarus,2019,174.38218
kazakhstan,2019,306.58985
russian_federation,2019,3424.92008
turkmenistan,2019,139.70943
uzbekistan,2019,122.7668
other_cis,2019,88.08174
total_cis,2019,4371.63348
iran,2019,1857.53072
iraq,2019,799.08532
israel,2019,231.43843
kuwait,2019,493.07089
oman,2019,217.2618
qatar,2019,372.35674
saudi_arabia,2019,3632.11993
united_arab_emirates,2019,962.48999
other_middle_east,2019,590.12765
total_middle_east,2019,9155.48147
algeria,2019,430.20116
egypt,2019,691.65321
morocco,2019,292.65263
south_africa,2019,553.62962
eastern_africa,2019,704.53033
middle_africa,2019,266.42652
western_africa,2019,920.93952
other_northern_africa,2019,326.18776
other_southern_africa,2019,56.42113
total_africa,2019,4242.64188
australia,2019,1064.39091
bangladesh,2019,203.66534
china,2019,14315.64549
china_hong_kong_sar,2019,407.1501
india,2019,5179.45153
indonesia,2019,1587.04124
japan,2019,3846.32912
malaysia,2019,868.10338
new_zealand,2019,178.62257
pakistan,2019,458.18774
philippines,2019,465.07671
singapore,2019,1389.30026
south_korea,2019,2788.94521
sri_lanka,2019,143.81225
taiwan,2019,951.54899
thailand,2019,1284.70679
vietnam,2019,614.36924
other_asia_pacific,2019,562.66187
total_asia_pacific,2019,36309.00873
total_world,2019,98898.17065
canada,2020,2171.34793
mexico,2020,1602.03607
united_states,2020,17183.31935
total_north_america,2020,20956.70335
argentina,2020,506.58582
brazil,2020,2268.23089
chile,2020,345.54018
colombia,2020,345.48235
ecuador,2020,202.67005
peru,2020,201.14044
trinidad_tobago,2020,30.29518
venezuela,2020,229.71183
central_america,2020,387.854
other_caribbean,2020,537.11382
other_south_america,2020,207.40991
total_south_central_america,2020,5262.03448
austria,2020,229.82137
belgium,2020,541.15047
bulgaria,2020,94.80478
croatia,2020,58.95946
cyprus,2020,43.75853
czech_republic,2020,181.03331
denmark,2020,156.36826
estonia,2020,27.10363
finland,2020,178.40563
france,2020,1288.11465
germany,2020,2132.2176
greece,2020,245.69957
hungary,2020,160.68311
iceland,2020,12.58541
ireland,2020,129.8817
italy,2020,1058.58344
latvia,2020,34.03807
lithuania,2020,62.43908
luxembourg,2020,49.125
netherlands,2020,846.12318
north_macedonia,2020,20.62442
norway,2020,200.64083
poland,2020,643.7248
portugal,2020,202.55947
romania,2020,205.64335
slovakia,2020,82.74527
slovenia,2020,43.44853
spain,2020,1015.80767
sweden,2020,237.04625
switzerland,2020,178.59872
turkey,2020,970.17653
ukraine,2020,226.84715
united_kingdom,2020,1199.97975
other_europe,2020,325.42463
total_europe,2020,13084.16361
azerbaijan,2020,105.09039
belarus,2020,166.40312
kazakhstan,2020,263.84651
russian_federation,2020,3303.65653
turkmenistan,2020,189.86045
uzbekistan,2020,125.20589
other_cis,2020,86.04477
total_cis,2020,4240.10766
iran,2020,1787.7034
iraq,2020,692.90685
israel,2020,199.44819
kuwait,2020,465.036
oman,2020,180.52826
qatar,2020,293.67827
saudi_arabia,2020,3437.31915
united_arab_emirates,2020,877.32124
other_middle_east,2020,537.67675
total_middle_east,2020,8471.61811
algeria,2020,385.35605
egypt,2020,606.58169
morocco,2020,258.45349
south_africa,2020,474.6308
eastern_africa,2020,627.34269
middle_africa,2020,226.00574
western_africa,2020,920.9625
other_northern_africa,2020,304.44383
other_southern_africa,2020,51.43985
total_africa,2020,3855.21665
australia,2020,915.48765
bangladesh,2020,171.53052
china,2020,14403.74599
china_hong_kong_sar,2020,283.49649
india,2020,4738.00453
indonesia,2020,1405.50873
japan,2020,3412.24774
malaysia,2020,729.41829
new_zealand,2020,147.77856
pakistan,2020,449.31152
philippines,2020,381.31852
singapore,2020,1267.33328
south_korea,2020,2630.20219
sri_lanka,2020,122.02181
taiwan,2020,909.44953
thailand,2020,1153.70074
vietnam,2020,555.92733
other_asia_pacific,2020,571.26853
total_asia_pacific,2020,34247.75195
total_world,2020,90117.59581
canada,2021,2215.08971
mexico,2021,1769.77598
united_states,2021,18784.70332
total_north_america,2021,22769.56901
argentina,2021,605.49167
brazil,2021,2412.81373
chile,2021,379.96363
colombia,2021,408.49583
ecuador,2021,248.03306
peru,2021,248.05542
trinidad_tobago,2021,29.57669
venezuela,2021,247.2906
central_america,2021,444.78292
other_caribbean,2021,545.30374
other_south_america,2021,241.16581
total_south_central_america,2021,5810.97309
austria,2021,243.59429
belgium,2021,600.21575
bulgaria,2021,99.63169
croatia,2021,62.64824
cyprus,2021,45.18335
czech_republic,2021,200.61301
denmark,2021,136.40596
estonia,2021,26.68839
finland,2021,167.53729
france,2021,1388.47367
germany,2021,2122.27043
greece,2021,260.62593
hungary,2021,175.14892
iceland,2021,14.2969
ireland,2021,140.78768
italy,2021,1179.15337
latvia,2021,35.6315
lithuania,2021,63.28927
luxembourg,2021,53.02681
netherlands,2021,845.65643
north_macedonia,2021,22.39325
norway,2021,206.46723
poland,2021,673.84601
portugal,2021,208.77778
romania,2021,221.14727
slovakia,2021,87.15389
slovenia,2021,46.69839
spain,2021,1123.2895
sweden,2021,266.20338
switzerland,2021,179.85229
turkey,2021,1033.34236
ukraine,2021,229.88519
united_kingdom,2021,1216.25915
other_europe,2021,341.04109
total_europe,2021,13717.23564
azerbaijan,2021,120.1211
belarus,2021,169.9144
kazakhstan,2021,326.83513
russian_federation,2021,3523.24725
turkmenistan,2021,165.08681
uzbekistan,2021,126.72612
other_cis,2021,95.1981
total_cis,2021,4527.12891
iran,2021,1896.61394
iraq,2021,776.74592
israel,2021,208.51059
kuwait,2021,514.58737
oman,2021,199.20833
qatar,2021,317.9345
saudi_arabia,2021,3600.30564
united_arab_emirates,2021,958.90975
other_middle_east,2021,522.19988
total_middle_east,2021,8995.01592
algeria,2021,404.98387
egypt,2021,654.33671
morocco,2021,290.67865
south_africa,2021,501.78253
eastern_africa,2021,680.51147
middle_africa,2021,271.01787
western_africa,2021,999.80818
other_northern_africa,2021,345.69693
other_southern_africa,2021,54.29278
total_africa,2021,4203.10901
australia,2021,940.88332
bangladesh,2021,232.98486
china,2021,14888.34759
china_hong_kong_sar,2021,253.86025
india,2021,4841.0996
indonesia,2021,1471.10044
japan,2021,3485.16439
malaysia,2021,703.27165
new_zealand,2021,147.57271
pakistan,2021,518.361
philippines,2021,412.09365
singapore,2021,1249.79531
south_korea,2021,2816.26849
sri_lanka,2021,116.41491
taiwan,2021,961.0568
thailand,2021,1159.82643
vietnam,2021,525.17564
other_asia_pacific,2021,567.40827
total_asia_pacific,2021,35290.68533
total_world,2021,95313.7169
canada,2022,2294.16332
mexico,2022,1931.35533
united_states,2022,18862.21027
total_north_america,2022,23087.72891
argentina,2022,683.44948
brazil,2022,2512.85887
chile,2022,411.00213
colombia,2022,477.62739
ecuador,2022,270.54115
peru,2022,259.94614
trinidad_tobago,2022,31.66169
venezuela,2022,303.67588
central_america,2022,469.52171
other_caribbean,2022,553.33225
other_south_america,2022,246.65611
total_south_central_america,2022,6220.27279
austria,2022,233.79568
belgium,2022,582.79944
bulgaria,2022,106.73926
croatia,2022,68.38088
cyprus,2022,48.20887
czech_republic,2022,192.75666
denmark,2022,143.99785
estonia,2022,27.76103
finland,2022,179.27053
france,2022,1380.79414
germany,2022,2169.10703
greece,2022,296.87976
hungary,2022,172.49719
iceland,2022,17.92437
ireland,2022,148.57141
italy,2022,1294.90819
latvia,2022,34.17735
lithuania,2022,63.83988
luxembourg,2022,48.40894
netherlands,2022,825.63734
north_macedonia,2022,24.05817
norway,2022,208.67568
poland,2022,698.34831
portugal,2022,226.97199
romania,2022,224.14532
slovakia,2022,87.80553
slovenia,2022,49.26917
spain,2022,1246.72307
sweden,2022,240.07613
switzerland,2022,185.28411
turkey,2022,1071.56822
ukraine,2022,200.50984
united_kingdom,2022,1299.44536
other_europe,2022,365.52602
total_europe,2022,14164.86272
azerbaijan,2022,126.19065
belarus,2022,162.30015
kazakhstan,2022,322.71857
russian_federation,2022,3613.50047
turkmenistan,2022,183.23799
uzbekistan,2022,134.3223
other_cis,2022,99.68763
total_cis,2022,4641.95776
iran,2022,1906.28592
iraq,2022,851.67163
israel,2022,224.3793
kuwait,2022,482.08559
oman,2022,226.77056
qatar,2022,364.46933
saudi_arabia,2022,3854.15248
united_arab_emirates,2022,1099.6738
other_middle_east,2022,523.73864
total_middle_east,2022,9533.22725
algeria,2022,418.32914
egypt,2022,755.66092
morocco,2022,298.55012
south_africa,2022,501.1325
eastern_africa,2022,703.71952
middle_africa,2022,285.20043
western_africa,2022,1030.97067
other_northern_africa,2022,380.78196
other_southern_africa,2022,56.01729
total_africa,2022,4430.36255
australia,2022,999.08576
bangladesh,2022,274.54977
china,2022,14969.98319
china_hong_kong_sar,2022,214.27048
india,2022,5208.69894
indonesia,2022,1596.58538
japan,2022,3501.6282
malaysia,2022,845.24428
new_zealand,2022,146.55794
pakistan,2022,506.1428
philippines,2022,451.07079
singapore,2022,1227.76672
south_korea,2022,2856.0137
sri_lanka,2022,97.68243
taiwan,2022,883.16071
thailand,2022,1220.82369
vietnam,2022,613.87121
other_asia_pacific,2022,604.97807
total_asia_pacific,2022,36218.11407
total_world,2022,98296.52607
canada,2023,2312.71378
mexico,2023,1843.22014
united_states,2023,19013.82667
total_north_america,2023,23169.7606
argentina,2023,664.03312
brazil,2023,2577.27159
chile,2023,406.46634
colombia,2023,456.11576
ecuador,2023,284.38398
peru,2023,267.63564
trinidad_tobago,2023,32.51709
venezuela,2023,361.64068
central_america,2023,497.13146
other_caribbean,2023,556.11977
other_south_america,2023,250.06728
total_south_central_america,2023,6353.38271
austria,2023,231.48968
belgium,2023,567.67348
bulgaria,2023,106.04058
croatia,2023,75.63769
cyprus,2023,48.10273
czech_republic,2023,190.98978
denmark,2023,156.2848
estonia,2023,26.47444
finland,2023,161.26119
france,2023,1364.24036
germany,2023,2033.86082
greece,2023,295.2226
hungary,2023,168.46352
iceland,2023,18.94836
ireland,2023,147.4819
italy,2023,1267.39897
latvia,2023,34.27692
lithuania,2023,65.74217
luxembourg,2023,46.72004
netherlands,2023,834.41177
north_macedonia,2023,23.96211
norway,2023,217.26535
poland,2023,694.53137
portugal,2023,219.6491
romania,2023,231.32027
slovakia,2023,86.47882
slovenia,2023,45.74317
spain,2023,1198.84284
sweden,2023,239.82925
switzerland,2023,188.32933
turkey,2023,1143.029
ukraine,2023,203.79661
united_kingdom,2023,1315.45608
other_europe,2023,361.56054
total_europe,2023,14010.51564
azerbaijan,2023,131.3381
belarus,2023,161.45944
kazakhstan,2023,333.48578
russian_federation,2023,3765.0069
turkmenistan,2023,162.51362
uzbekistan,2023,135.21196
other_cis,2023,103.03951
total_cis,2023,4792.05531
iran,2023,1931.31085
iraq,2023,905.99151
israel,2023,218.15053
kuwait,2023,495.88239
oman,2023,226.88283
qatar,2023,387.90172
saudi_arabia,2023,3899.85897
united_arab_emirates,2023,1137.68773
other_middle_east,2023,530.51593
total_middle_east,2023,9734.18247
algeria,2023,439.93191
egypt,2023,740.50973
morocco,2023,299.31118
south_africa,2023,505.17272
eastern_africa,2023,718.87466
middle_africa,2023,294.22714
western_africa,2023,985.0322
other_northern_africa,2023,409.97042
other_southern_africa,2023,56.58565
total_africa,2023,4449.61561
australia,2023,1057.83377
bangladesh,2023,232.93377
china,2023,16578.65489
china_hong_kong_sar,2023,268.20501
india,2023,5452.08325
indonesia,2023,1598.28223
japan,2023,3421.53811
malaysia,2023,919.05943
new_zealand,2023,156.66552
pakistan,2023,410.01352
philippines,2023,462.80679
singapore,2023,1407.63159
south_korea,2023,2796.45492
sri_lanka,2023,109.67066
taiwan,2023,834.76037
thailand,2023,1216.9316
vietnam,2023,658.47087
other_asia_pacific,2023,602.7086
total_asia_pacific,2023,38184.7049
total_world,2023,100694.21724
total_world,2024,101417.98876
total_asia_pacific,2024,38436.06698
other_asia_pacific,2024,629.43963
vietnam,2024,706.8722
thailand,2024,1252.79791
taiwan,2024,823.92847
sri_lanka,2024,115.51327
south_korea,2024,2891.48767
singapore,2024,1491.94851
philippines,2024,486.64133
pakistan,2024,423.8026
new_zealand,2024,158.14595
malaysia,2024,934.37788
japan,2024,3237.85732
indonesia,2024,1633.19747
india,2024,5620.53699
china_hong_kong_sar,2024,304.5634
china,2024,16373.50818
bangladesh,2024,264.43851
australia,2024,1087.00968
total_africa,2024,4558.65036
other_southern_africa,2024,56.89958
other_northern_africa,2024,430.0994
western_africa,2024,1017.28362
middle_africa,2024,297.66515
eastern_africa,2024,731.14677
south_africa,2024,466.57644
morocco,2024,315.80815
egypt,2024,781.74194
algeria,2024,461.42931
total_middle_east,2024,9893.25254
other_middle_east,2024,532.47818
united_arab_emirates,2024,1183.30257
saudi_arabia,2024,3958.60081
qatar,2024,397.2804
oman,2024,217.43495
kuwait,2024,519.16454
israel,2024,206.94111
iraq,2024,924.799
iran,2024,1953.25098
total_cis,2024,4884.33592
other_cis,2024,101.95483
uzbekistan,2024,137.30442
turkmenistan,2024,162.41153
russian_federation,2024,3846.33342
kazakhstan,2024,346.25666
belarus,2024,161.88801
azerbaijan,2024,128.18706
total_europe,2024,14128.09011
other_europe,2024,366.90454
united_kingdom,2024,1325.10029
ukraine,2024,205.97673
turkey,2024,1162.45839
switzerland,2024,188.01649
sweden,2024,248.67991
spain,2024,1269.89977
slovenia,2024,45.177
slovakia,2024,85.27546
romania,2024,242.20441
portugal,2024,213.11705
poland,2024,704.66203
norway,2024,222.17864
north_macedonia,2024,24.48679
netherlands,2024,784.6811
luxembourg,2024,48.15213
lithuania,2024,64.08694
latvia,2024,32.42691
italy,2024,1262.47555
ireland,2024,148.71263
iceland,2024,19.58968
hungary,2024,170.57993
greece,2024,298.34005
germany,2024,2051.45034
france,2024,1359.66524
finland,2024,157.12945
estonia,2024,25.93058
denmark,2024,157.09269
czech_republic,2024,199.5244
cyprus,2024,49.20357
croatia,2024,81.16645
bulgaria,2024,108.62076
belgium,2024,576.96011
austria,2024,228.1641
total_south_central_america,2024,6336.08551
other_south_america,2024,259.29415
other_caribbean,2024,575.11395
central_america,2024,516.72472
venezuela,2024,325.10433
trinidad_tobago,2024,33.23651
peru,2024,279.58883
ecuador,2024,290.27504
colombia,2024,449.04745
chile,2024,428.13501
brazil,2024,2575.23019
argentina,2024,604.33533
total_north_america,2024,23181.50734
united_states,2024,18995.00546
mexico,2024,1853.3029
canada,2024,2333.19898
